project_id;out
245;Végétalisation Urbaine
262;Sécurité Routière
250;Amélioration du Mobilier Urbain
403;Réduction de l'Imperméabilisation
365;Amélioration du Mobilier Urbain
237;Espaces de Loisirs et Sportifs
328;Aménagements pour Cyclistes
229;Lutte contre les Moustiques
333;Espaces de Loisirs et Sportifs
368;Espaces de Loisirs et Sportifs
386;Aménagements pour Cyclistes
240;Amélioration du Mobilier Urbain
230;Gestion Durable des Déchets
290;Amélioration du Mobilier Urbain
352;Sécurité Routière
256;Biodiversité Urbaine
274;Végétalisation Urbaine
306;Amélioration de l'Éclairage Public
241;Espaces de Loisirs et Sportifs
289;Amélioration du Mobilier Urbain
341;Amélioration du Mobilier Urbain
358;Végétalisation Urbaine
242;Végétalisation Urbaine
379;Amélioration de l'Éclairage Public
338;Amélioration du Mobilier Urbain
309;Accessibilité et Mobilité Améliorée
321;Aménagements pour Cyclistes
234;Aménagements pour Cyclistes
393;Réduction de l'Imperméabilisation
269;Végétalisation Urbaine
249;Intégration des Technologies Vertes
317;Végétalisation Urbaine
389;Amélioration du Mobilier Urbain
266;Sécurité Routière
318;Espaces de Loisirs et Sportifs
404;Végétalisation Urbaine
331;Végétalisation Urbaine
291;Gestion Durable des Déchets
334;Amélioration du Mobilier Urbain
390;Art et Culture dans l'Espace Public
350;Végétalisation Urbaine
286;Végétalisation Urbaine
357;Aménagements pour Cyclistes
400;Végétalisation Urbaine
369;Espaces de Loisirs et Sportifs
301;Aménagements pour Cyclistes
271;Végétalisation Urbaine
349;Végétalisation Urbaine
261;Végétalisation Urbaine
311;Aménagements pour Cyclistes
329;Réduction de l'Imperméabilisation
275;Sécurité Routière
263;Aménagements pour Cyclistes
402;Biodiversité Urbaine
374;Infrastructures pour Enfants
394;Lutte contre les Moustiques
314;Gestion Durable des Déchets
387;Accessibilité et Mobilité Améliorée
273;Aménagements pour Cyclistes
284;Végétalisation Urbaine
276;Végétalisation Urbaine
353;Espaces de Loisirs et Sportifs
226;Infrastructures pour Enfants
347;Végétalisation Urbaine
293;Aménagements pour Cyclistes
323;Éducation Environnementale
380;Sécurité Routière
364;Amélioration du Mobilier Urbain
382;Amélioration du Mobilier Urbain
327;Aménagements pour Cyclistes
270;Végétalisation Urbaine
405;Accessibilité et Mobilité Améliorée
396;Végétalisation Urbaine
360;Réduction de l'Imperméabilisation
307;Aménagements pour Cyclistes
244;Végétalisation Urbaine
283;Amélioration de l'Éclairage Public
371;Infrastructures pour Enfants
258;Espaces de Loisirs et Sportifs
346;Aménagements pour Cyclistes
335;Biodiversité Urbaine
224;Aménagements pour Cyclistes
287;Espaces de Loisirs et Sportifs
345;Aménagements pour Cyclistes
384;Accessibilité et Mobilité Améliorée
282;Végétalisation Urbaine
372;Aménagements pour Cyclistes
251;Lutte contre les Moustiques
252;Sécurité Routière et Végétalisation Urbaine
370;Amélioration du Mobilier Urbain
383;Amélioration du Mobilier Urbain
342;Sécurité Routière
385;Aménagements pour Cyclistes
272;Végétalisation Urbaine
297;Aménagements pour Cyclistes
348;Art et Culture dans l'Espace Public
243;Aménagements pour Cyclistes
223;Amélioration du Mobilier Urbain
326;Végétalisation Urbaine
303;Accessibilité et Mobilité Améliorée
280;Amélioration du Mobilier Urbain
367;Sécurité Routière
343;Amélioration du Mobilier Urbain
397;Végétalisation Urbaine
278;Sécurité Routière
373;Végétalisation Urbaine
246;Espaces de Loisirs et Sportifs
296;Végétalisation Urbaine
322;Lutte contre les Moustiques
257;Gestion Durable des Déchets
401;Aménagements pour Cyclistes
398;Sécurité Routière
292;Sécurité Routière
359;Sécurité Routière
381;Contrôle du Bruit
285;Lutte contre les Moustiques
316;Réduction de l'Imperméabilisation
254;Gestion Durable des Déchets
395;Art et Culture dans l'Espace Public
233;Sécurité Routière
268;Accessibilité et Mobilité Améliorée
399;Art et Culture dans l'Espace Public
288;Espaces de Loisirs et Sportifs
319;Biodiversité Urbaine
239;Lutte contre les Moustiques
313;Lutte contre les Moustiques
247;Végétalisation Urbaine
320;Aménagements pour Cyclistes
308;Végétalisation Urbaine
376;Contrôle du Bruit
375;Infrastructures pour Enfants
235;Espaces de Loisirs et Sportifs
304;Espaces de Loisirs et Sportifs
388;Amélioration du Mobilier Urbain
355;Végétalisation Urbaine
377;Végétalisation Urbaine
305;Accessibilité et Mobilité Améliorée
248;Réduction de la Pollution
225;Espaces de Loisirs et Sportifs
344;Aménagements pour Cyclistes
267;Aménagements pour Cyclistes
265;Aménagements pour Cyclistes
231;Espaces de Loisirs et Sportifs
310;Aménagements pour Cyclistes
302;Amélioration de l'Éclairage Public
325;Végétalisation Urbaine
294;Végétalisation Urbaine
351;Lutte contre les Moustiques
227;Espaces de Loisirs et Sportifs
279;Infrastructures pour Enfants
255;Végétalisation Urbaine
238;Infrastructures pour Enfants
260;Amélioration du Mobilier Urbain
259;Sécurité Routière
298;Aménagements pour Cyclistes
356;Réduction de l'Imperméabilisation
236;Végétalisation Urbaine
354;Sécurité Routière
330;Amélioration de l'Éclairage Public
336;Amélioration de l'Éclairage Public
253;Sécurité Routière
339;Végétalisation Urbaine
232;Biodiversité Urbaine
366;Lutte contre les Moustiques
312;Amélioration du Mobilier Urbain
392;Aménagements pour Cyclistes
391;Réduction de l'Imperméabilisation
295;Aménagements pour Cyclistes
337;Aménagements pour Cyclistes
363;Végétalisation Urbaine
277;Végétalisation Urbaine
340;Espaces de Loisirs et Sportifs
324;Aménagements pour Cyclistes
299;Aménagements pour Cyclistes
300;Lutte contre les Moustiques
378;Végétalisation Urbaine
281;Végétalisation Urbaine
362;Végétalisation Urbaine
264;Amélioration du Mobilier Urbain
228;Espaces de Loisirs et Sportifs
361;Végétalisation Urbaine
315;Aménagements pour Cyclistes
332;Accessibilité et Mobilité Améliorée
