project_id;project_name;description;category;cost;district;votes
710;Drzewa dla Wrocławia - nasadzenia w całym mieście!;"Uzasadnienie
Znikające drzewa z krajobrazu miasta to kwestia wciąż paląca dla wielu mieszkańców. Od kilku lat liczba wycinanych rokrocznie drzew przekracza 10 tys. (tylko wg zezwoleń wydawanych przez Wydział Środowiska i Rolnictwa UM), a wcześniej było to 5-6 tys. rocznie. Sytuacja ta jest spowodowana coraz większą presją inwestycyjną, a także złym stanem zdrowotnym wielu drzew, które wycinane są ze względów sanitarnych. Rodzi to potrzebę nowych nasadzeń w jak największej ilości, aby choć częściowo zrekompensować straty ekologiczne i krajobrazowe. Dlatego właśnie powstał projekt Drzewa dla Wrocławia. Obejmuje on projekty nasadzeń w wielu częściach miasta: wzdłuż ulic, na nieużytkach, na podwórkach, w miejscach wyciętych lub powalonych drzew.
Realizacja tego projektu przyczyni się do poprawy estetyki naszego miasta, a w dalszej perspektywie także do poprawy jakości powietrza i mikroklimatu. Wpłynie również pozytywnie na samopoczucie mieszkańców - bo tak właśnie działają drzewa!";greenery/recreation;1000000;Kuźniki, Nowy Dwór, Muchobór Mały,Grabiszyn-Grabiszynek, Krzyki-Partynice, Oporów, Klecina;13938
15;"Zielona rowerowo-piesza obwodnica Wrocławia; Etap I - fragment łącznika Gaj, Wojszyce, Ołtaszyn, Partynice, Jagodno, Tarnogaj Krzyki, Borek.";Uzasadnienie;walking/cycling infrastructure;1000000;Grabiszyn-Grabiszynek, Krzyki-Partynice, Oporów, Klecina;12348
764;Oświetlenie Parku Grabiszyńskiego (Alei Romera oraz ścieżek do Cmentarza Grabiszyńskiego i ul. Racławickiej wzdłuż polan);"Uzasadnienie
Taki mamy klimat... że przez pół roku późnym popołudniem jest ciemno.  Wiele osób z tego powodu rezygnuje z rekreacji na świeżym powietrzu. Oświetlenie Parku Grabiszyńskiego, choćby do godziny 22:00, umożliwi jego lepsze wykorzystanie. Spacerowicze, biegacze, ""psiarze"", matki oraz ojcowie z dziećmi, chętni do skrócenia sobie drogi przez park, będą zdrowsi i bezpieczniejsi. Proponuję oświecenie ;)";other;1000000;Grabiszyn-Grabiszynek, Krzyki-Partynice, Oporów, Klecina,Pilczyce-Kozanów-Popowice Płn., Gądów-Popowice Płd., Szczepin;7291
685;Plac Zabaw dla Starszaków w parku Grabiszyńskim i coś ekstra dla maluchów;"Uzasadnienie
Plac Zabaw dla Starszaków w parku Grabiszyńskim i coś ekstra dla maluchów
Plac zabaw dla starszych dzieci w Parku Grabiszyńskim jest długo oczekiwaną przez mieszkańców inwestycją. Stanowić ma dopełnienie zwycięskiego projektu nr 616 WBO (plac zabaw dla dzieci młodszych) z roku 2015, który wymaga doposażenia, o co również wnioskujemy.
Na wyposażenie obiektu przeznaczonego dla dzieci starszych składają się: bardzo atrakcyjne duże urządzenie linowe ze zjeżdżalniami, podwójne huśtawki, trampolina oraz bardzo przez dzieci wyczekiwany zjazd linowy zwany  „tyrolką”. Wszystko to znajdować się ma na wygrodzonym terenie o nawierzchni żwirowej w zielonych okolicach górki Mała Sobótka w pobliżu ul. Racławickiej. Do małego placu, który jest w fazie projektowania, planujemy dodać urządzenia, które uczyniłyby go bardziej atrakcyjnym dla maluchów.
Projekt służyć ma dzieciom z całego Wrocławia, ponieważ obiektów tak atrakcyjnie wyposażonych przeznaczonych dla tej grupy wiekowej brakuje w całym mieście. W okolicach placu zabaw powstaje i będzie powstawać wiele nowych osiedli, przybywać więc będzie stale nowych użytkowników placu. Połączenie mostowe z osiedlem Oporów umożliwi szybkie dotarcie na plac zabaw osób z dalszych okolic. Dzięki budowie obiektu zapewnimy młodym wrocławianom moc atrakcji - odpoczynek i ruch na świeżym powietrzu oraz bezpieczną zabawę.";playgrounds;560000;Huby, Gaj, Tarnogaj,Nadodrze, Ołbin, Stare Miasto, Plac Grunwaldzki, Przedmieście Świdnickie;6663
379;"Parking przy ""Dobrzyńskiej"" - ułatwienie dojazdu wrocławian do największego w mieście centrum medycznego.";"Uzasadnienie
Projekt polega na utworzeniu w centrum Wrocławia parkingu samochodowego w dwóch sąsiadujących lokalizacjach w pobliżu budynku przy ul. Dobrzyńskiej 21/23 i przy kościele św. Maurycego. Projekt zgłoszony na formularzu papierowym, skan wniosku znajduje się w załączniku.";roads;750000;Gajowice, Powstańców Śląskich, Borek;6383
155;Posadzenie na terenie Wrocławia młodych drzew;"Uzasadnienie
Posadzenie 250 drzew w różnych lokalizacjach. Projekt zgłoszony na formularzu papierowym, skan wniosku znajduje się w załączniku.";greenery/recreation;100000;Pilczyce-Kozanów-Popowice Płn., Gądów-Popowice Płd., Szczepin,Kuźniki, Nowy Dwór, Muchobór Mały;5287
731;Rowerowy Wrocław 2016 – ulice przyjazne rowerzystom;"Uzasadnienie
Projekt przewiduje poprawę bezpieczeństwa i wygody rowerzystów na wrocławskich ulicach poprzez utworzenie pasów rowerowych, a w przypadku braku miejsca wymalowanie sierżantów (znak P-27) w miejscach, gdzie brakuje infrastruktury rowerowej bądź jest ona niekompletna (tylko po jednej stronie drogi lub nieciągła).
Projekt obejmuje między innymi ulice:
- Janickiego, Kraińskiego, Św. Ducha
- Kochanowskiego
- Zachodnia
- Borowska
- Wyszyńskiego
- Jedności Narodowej
- Podwale
- Traugutta
- Wyścigowa
- Żmigrodzka
- Plac Społeczny
- Pułaskiego
oraz wiele innych. Szczegółowy opis projektu wraz z listą proponowanych miejsc w załączniku.";walking/cycling infrastructure;1000000;Zacisze-Zalesie-Szczytniki, Biskupin-Sępolno-Dąbie-Bartoszowice, Kowale, Strachocin-Swojczyce-Wojnów;4799
201;Stoły do ping – ponga i boiska do siatkówki w całym Wrocławiu.;"Uzasadnienie
Ruch to zdrowie. We Wrocławiu istnieje duże zapotrzebowanie na miejsca, w których można aktywnie spędzać czas na świeżym powietrzu. Marzysz o tym aby pójść pograć z przyjaciółmi w siatkówkę na zielonej trawce albo w tenisa stołowego (ping – ponga)? Ten projekt jest właśnie dla Ciebie. Zróbmy coś dla nas, dla naszych dzieci i młodzieży, aby oderwać ich od komputerów i telewizorów. Projekt obejmuje wiele osiedli, jest adresowany do wszystkich mieszkańców Wrocławia. Trzymajcie kciuki za nasz projekt, opowiedzcie o nim swojej rodzinie, sąsiadom i znajomym! Pomóżcie wyciągnąć młodzież z domów na świeże powietrze !
Boiska do siatkówki - o nawierzchni trawiastej do gry rekreacyjnej, granice boiska - pas o szerokości 40-50 cm wysypany piaskiem lub drobnymi kamieniami. Łącznie 13 boisk w poz. 1-13.
Stoły do ping – ponga – betonowe, zamontowane na stałe z siatką stalową nierdzewną lub ocynkowaną, zamontowaną w sposób uniemożliwiający kradzież.   Łącznie 40 szt. stołów.
Ławki typu sportowego – po 1 szt. w każdej lokalizacji - przy stołach do ping - ponga
Lokalizacje:
1.	Biskupin ul. Canaletta
2.	Las Osobowicki
3.	Park Popowicki
4.	Park Zachodni
5.	Park Złotnicki – polana w połudn. części
6.	Polana na północ od górki Skarbowców
7.	ul. Osobowicka
8. ul. Sukielicka
9.ul. Piłkarzy (Rędzin)
10.	zielony teren w rejonie ul. Golickiej
11.	ul. Kukuczki (Gaj Południe)
12.	Park Kleciński
13.	ul. Główna - Stabłowice
14.	park przy ul. Orzechowej
15.	park u zbiegu ul. Bezpiecznej i Osobowickiej
16.	teren parkowy nad Odrą przy ul. Kasprowicza
17.	nowy park przy ul. Królewskiej
18.	łąka w pobliżu stawu w rejonie ul. Chałupniczej.
19.	plac zabaw przy ul. Złotostockiej
20.	ul. Trawowa
21.	ul. Pieprzna (Żerniki)
Szczegółowe lokalizacje w załączniku i na mapie.";sport;1000000;Leśnica, Maślice, Pracze Odrzańskie,Osobowice-Rędzin, Świniary, Lipa Piotrowska, Widawa, Polanowice-Poświętne-Ligota, Sołtysowice;3974
18;Fontanna Neptuna na Placu Nowy Targ;"Uzasadnienie
Odtworzenie historycznej rzeźby Neptuna na placu Nowy Targ, zniszczonej podczas II Wojny Światowej. W obecnej formie placu daję się odczuć brak centralnego punktu dopełniającego kompozycję. Ciemne nawierzchnie z których zbudowany jest plac podczas upalnych dni kumulują ciepło, fontanna ma temu również zapobiec co wpłynie również na komfort użytkowników.  Można by było pokusić się o konkurs na współczesną, figuratywną wersje Neptuna inspirowanego historyczną rzeźbą.";other;750000;Przedmieście Oławskie, Księże, Brochów, Bieńkowice;3632
4;Budowa nadbrzeża ze slipem dla przyszłej miejskiej przystani łodziowej;"Uzasadnienie
Zatoka Odry i układ wałów powodziowych powstały w 1934 roku w czasie prac przy regulacji Odry. Plany przewidywały wykorzystanie zatoki na port łodziowy „bootshafen”. Jest to praktycznie jedyne miejsce na obszarze Wielkiej Wyspy nadające się do tych celów. Nad zatoką funkcjonuje od 1973 roku Harcerski Ośrodek Wodny „Stanica”.
Obszar ten jest objęty miejscowym planem zagospodarowania przestrzennego, który przewiduje m. innymi: przystanie, terenowe urządzenia sportowe, zieleń parkową, polany rekreacyjne.
Projekt dotyczy budowy ogólnodostępnego slipu dla jednostek sportowych i turystycznych, motorowych i żaglowych o długości do 12 m i nadbrzeża oraz montażu pomostów pływających. Do nadbrzeża należy doprowadzić instalację elektryczną i wodną.
Przy zagospodarowywaniu brzegów należy uwzględnić potencjał zatoki jako miejsca lokalizacji ogólnodostępnej mariny miejskiej.  Lokalizacja tam pochylni do wodowania łodzi (slipu) jest jednym z pierwszych warunków jej dalszej rozbudowy.
W bezpośrednim sąsiedztwie przystani znajduje się  szereg atrakcji turystycznych jak ZOO, Hala Stulecia, Park Szczytnicki z fontanną multimedialną i Ogrodem Japońskim. Przystań będzie najlepszym miejscem do dobicia i postoju dla jednostek turystycznych płynących Odrą, także turystów wodniaków z zagranicy.
Projekt zwiększy walory rekreacyjne tego terenu i obszarów sąsiadujących, poprzez ich zagospodarowanie i stworzenie kolejnych atrakcyjnych miejsc wypoczynku i rekreacji.
Obiekty będą ogólnodostępne, beneficjentami projektu będą:
- mieszkańcy Wrocławia, posiadacze różnego łodzi, którzy będą mogli bezpiecznie zwodować swoja jednostkę na wodach zatoki.
- osoby korzystające z przystani i wypożyczalni łodzi,
- turyści wodniacy, także zagraniczni";greenery/recreation;1000000;Ołtaszyn, Wojszyce, Jagodno;3243
564;Rowerowe połączenie Dworca Głównego z pl. Społecznym;"Uzasadnienie
Budowa trasy rowerowej na ul. Dworcowej, która umożliwi wygodny dojazd z Dworca Głównego PKP w okolice Mostu Grunwaldzkiego.";walking/cycling infrastructure;1000000;Osobowice-Rędzin, Świniary, Lipa Piotrowska, Widawa, Polanowice-Poświętne-Ligota, Sołtysowice;3099
337;Park Jedności– miejska rekreacja;"Uzasadnienie
Projekt obejmuje budowę części rekreacyjnej Parku Jedności, która ma służyć wszystkim mieszkańcom Wrocławia, również zamieszkujących inne osiedla niż Psie Pole, gdzie znajduje się teren parku. W ramach środków zdobytych w WBO 2014 i 2015 wkrótce powstanie część parku obejmująca teren wzdłuż ul. Królewskiej od Irkuckiej do okolic ul. Kurskiej. Wykonano również koncepcję zabudowy całości Parku, na której opiera się niniejsza propozycja.
W ramach niniejszego projektu nastąpi realizacja ogólnomiejskiej części Parku, która obejmie budowę: strefy zieleni przeznaczonej do spacerów i innych form wypoczynku; strefy rekreacyjnej wraz z urządzeniami do pokonywania przeszkód (parkour), urządzeniami do miejskiej wspinaczki (boulderingu), torem do gry w bule, stołem do tenisa.
Część rekreacyjna zostanie wyposażona w odpowiednią infrastrukturę: latarnie parkowe, ławki, stojaki rowerowe, meble miejskie, śmietniki oraz dokonane zostaną nasadzenia zieleni: drzew, krzewów.
Przedkładany projekt był wielokrotnie konsultowany z mieszkańcami Psiego Pola, odnosi się również do niezaspokojonych istotnych potrzeb wszystkich Wrocławian. Jak wykazują różnorodne sondaże, badania i obserwacje, mieszkańcom Wrocławia najbardziej brakuje miejsc rekreacyjnych, gdzie mogliby zdrowo i aktywnie spędzać czas. Park będzie kolejnym z „zielonych płuc” Wrocławia, co jest bardzo istotne z punktu widzenia wysokiego poziomu zanieczyszczenia powietrza w naszym mieście.";greenery/recreation;1000000;Leśnica, Maślice, Pracze Odrzańskie;3026
532;Rozbudowa bazy sportowej na wrocławskich Osobowicach - strefa sportu przy Szkole Podstawowej nr 21;"Uzasadnienie
Projekt ma na celu wzmocnienie znaczenia Osobowic jako zaplecza sportowego i rekreacyjnego dla wszystkich mieszkańców Wrocławia. Dzielnica ta od dawna pełniła rolę miejsca wypoczynku dla ludzi z naszego miasta i okolic, chociaż na przestrzeni lat zmieniła radykalnie swój charakter. Przed wojną oferowała ekskluzywne rozrywki - restauracje, sale balowe, wieżę widokową, przystań statków wycieczkowych, a dziś przyciąga licznymi atrakcjami ""pod chmurką"" ludzi spragnionych natury, wypoczynku na świeżym powietrzu, lubiących aktywnie spędzać swój wolny czas. Brakuje nam w tym miejscu boisk wielofunkcyjnych umożliwiających uprawianie sportów zespołowych takich jak koszykówka czy siatkówka, brakuje również wszelkiego rodzaju urządzeń sportowych. Projekt wypełnia tą lukę poprzez stworzenie STREFY SPORTU przy SP 21 i tym samym uatrakcyjnia istniejące już na Osobowicach miejsce spotkań osób zainteresowanych aktywnym spędzaniem wolnego czasu. Wszyscy mieszkańcy Wrocławia lubiący sport i rekreację na świeżym powietrzu będą beneficjentami tego projektu. Szerszy opis - w załączniku.";education;1000000;Karłowice-Różanka, Kleczków;3008
187;Wydłużenie pasa lewoskrętu w kierunku ulicy Lotniczej na skrzyżowaniu ulic Na Ostatnim Groszu i Legnickiej;"Uzasadnienie
Zadanie polegać ma na przebudowie drogi asfaltowej, stanowiącej część obwodnicy śródmiejskiej, na długości około 160 m, od kładki pieszej nad ulicą Na Ostatnim Groszu do skrzyżowania ulic Na Ostatnim Groszu, Legnickiej i Lotniczej, wraz z przebudową niezbędnej infrastruktury, poprzez wydłużenie pasa do skrętu w lewo w kierunku Środy Śląskiej.
Prace polegać mają na wygospodarowaniu dodatkowego miejsca dla samochodów skręcających w lewo na ww wymienionym skrzyżowaniu. Obecnie auta skręcające w kierunku ulicy Lotniczej nie mieszczą się na istniejącym pasie do skrętu w lewo. Tym samym uniemożliwiają przejazd samochodom jadącym na wprost w kierunku ulicy Milenijnej. Często dochodzi do sytuacji, że skręcający w lewo w kierunku Środy Śląskiej stoją na lewym pasie do jazdy na wprost, gdyż nie mają możliwości zjechania na wydzielony stosunkowo krótki pas lewoskrętu. W godzinach szczytu drogowego samochody stoją na obu pasach do jazdy na wprost w ulicę Milenijną, aż od skrzyżowania z ulicą Bystrzycką.
Wydłużenie pasa lewoskrętu upłynniłoby ruch na lewym pasie, co poprawiłoby bezpieczeństwo jadących na wprost w ulicę Milenijną, jak i wszystkich uczestników ruchu drogowego. Zmniejszyłoby się  ryzyko najechania na auta oczekujące na zwolnienie się miejsca na pasie dla skręcających w lewo w ulicę Lotniczą. Kierowcy nie musieliby, często ryzykownie, zmieniać pasów ruchu w celu ominięcia stojących aut. Przebudowa upłynniłaby ruch na drodze nr 5 stanowiącej element obwodnicy śródmiejskiej. Dodatkowo w godzinach szczytu ułatwi się przejazd pojazdom uprzywilejowanym, takim jak karetka pogotowia, straż pożarna, policja w obrębie tego skrzyżowania.";roads;750000;Ołtaszyn, Wojszyce, Jagodno,Nadodrze, Ołbin, Stare Miasto, Plac Grunwaldzki, Przedmieście Świdnickie;2901
719;Dokończenie trasy pieszo-rowerowej wokół Wielkiej Wyspy;"Uzasadnienie
Pieszo-rowerowa trasa wokół Wielkiej Wyspy jest jedną z najpiękniejszych we Wrocławiu (być może nawet ma bezsporną pod tym względem palmę pierwszeństwa w naszym mieście). Połowa tej trasy (część północno-zachodnia, styczna z dzielnicami Zalesie, Zacisze, Szczytniki) została już wyłożona kostką brukową, stając się prawdziwą perełką. Druga połowa – południowo-wschodnia, obiegająca od tych stron dzielnice Biskupin, Sępolno, Dąbie, Bartoszowice – na razie pozostaje z nawierzchnią żwirową. Po przebudowie po-powodziowej jest w dobrym stanie, gdy chodzi o funkcje ochronne przed powodzią, jednak funkcje rekreacyjne, czy reprezentacyjne miasta ta część trasy spełnia w stopniu tylko dostatecznym. Pamiętajmy: w tym właśnie rejonie Wrocławia mieści się Hala Stulecia, ZOO, wyższe uczelnie i centra kongresowe. Ze wszech miar warto wyłożyć kostką brukową także  południowo-wschodnią  część drogi po wałach wokół Wielkiej Wyspy. Powstanie w ten sposób jednolita, estetyczna i w pełni funkcjonalna „obwodnica” Wielkiej Wyspy – jedna z najpiękniejszych tras pieszo-rowerowych w naszym kraju, jeszcze bardziej ulubiona trasa spacerów i rekreacji Wrocławian oraz przyjezdnych gości.";walking/cycling infrastructure;1000000;Grabiszyn-Grabiszynek, Krzyki-Partynice, Oporów, Klecina;2260
506;Poprawa infrastruktury sportowej dla dyscypliny Piłka Nożna;"Uzasadnienie
Planowane boisko znajdować się będzie w miejscu  starego boiska z naturalną nawierzchnią
na działce Gądów Mały, AR_3, 5/352
Inwestycja składać się będzie z:
- Boiska ze sztuczną nawierzchnią o wymiarach 20 m x 40 m
- Oświetlenia
- Piłkołapów za bramkami
W związku z bardzo dynamicznym rozwojem najpopularniejszej w Polsce dyscypliny sportowej jaką jest Piłka Nożna, na terenie naszego miasta wciąż brakuje boisk do uprawiania tego sportu. Z obiektu przy ul. Lotniczej 72 korzystają kluby sportowe, stowarzyszenia, fundacje oraz mieszkańcy z całego miasta. Odbywają się tu turnieje, festyny i imprezy sportowe o wymiarze lokalnym, wojewódzkim, ogólnopolskim i międzynarodowym. Wybudowanie tego boiska znacznie poprawiło by możliwość uprawiania tej wspaniałej dyscypliny. Obiekt jest pod zarządem Młodzieżowego Centrum Sportu co umożliwi właściwe zarządzanie, zabezpieczenie oraz konserwację boiska.";sport;750000;Grabiszyn-Grabiszynek, Krzyki-Partynice, Oporów, Klecina;2093
717;Psie Pole bez korków;"Uzasadnienie
Celem projektu jest znaczne skrócenie czasu podróży z oraz do Psiego Pola poprzez wyznaczenie buspasów dla pojazdów komunikacji miejskiej. W tej chwili ul. Krzywoustego jest całkowicie nieprzejezdna w godzinach szczytu. W ogromnych korkach stoją zarówno kierowcy aut, jak i pasażerowie komunikacji miejskiej. Pędzący autobus stanie się sensowną alternatywa. Każdy będzie mógł wybrać, czy woli przemieszczać się szybko komunikacja miejska, czy współtworzyć korki. Priorytet dla komunikacji miejskiej to większa liczba pasażerów, a więc większe zyski dla miasta, dodatkowo każdy nowy pasażer to jedno auto miej, a więc mniejsze korki, mniejszy hałas, mniejszy smog i więcej miejsc parkingowych :)
W stronę centrum buspas powinien rozpoczynać się na ul. Krzywoustego, od zjazdu z ul. Kowalskiej. W tej chwili są tam dwa pasy ogólne. Po realizacji projektu prawy pas powinien zostać zamieniony na buspas (przynajmniej w godzinach szczytu). Przed skrzyżowaniem mamy 4 pasy (dwa do skrętu w lewo, jeden do jazdy na wprost i jeden do jazdy na wprost i skrętu w prawo). Po realizacji projektu prawy pas lewoskrętu oraz skrajny prawy pas do jazdy na wprost powinny być zamienione w buspas. Tutaj buspas powinien się rozwidlać i prowadzić dalej ulicą Krzywoustego, Kromera, Most Warszawski, aż do Jedności Narodowej. Druga odnoga powinna prowadzić prawym pasem ulic Brucknera i Kochanowskiego do placu Grunwaldzkiego. Zapewni to sprawiedliwy podział ulicy, po jednym pasie dla komunikacji indywidualnej i po jednym dla komunikacji zbiorowej. Analogicznie powinny być wyznaczone buspasy w drugą stronę.";;1000000;Przedmieście Oławskie, Księże, Brochów, Bieńkowice,Huby, Gaj, Tarnogaj;2081
145;Bezpieczne i przyjazne drogi we Wrocławiu - światła spowalniające zamiast fotoradarów w całym mieście;"Uzasadnienie
Projekt zakłada zmianę trybu pracy sygnalizacji świetlnych na wybranych skrzyżowaniach celem poprawy komfortu pieszych i ogólnego bezpieczeństwa. Główną zmianą będzie przestawienie sygnalizacji na tryb „all-green” dla pieszych – czyli w sytuacji, gdy na jezdni nie jadą samochody, stale świeci się zielone na pasach i piesi mogą swobodnie przechodzić, bez naciskania guzików i czekania. Dopiero przy zbliżającej się kolumnie samochodów następuje zmiana. Drugą funkcją byłyby światła spowalniające - gdy do skrzyżowania lub przejścia dla pieszych z sygnalizacją świetlną zbliża się samochód, jego prędkość jest monitorowana przez kamery i jeśli jedzie on zbyt szybko, światło zmienia się na czerwone. Zielone zapala się z powrotem w momencie gdy zredukuje prędkość - jeśli tego nie zrobi, kamera rejestruje moment przejechania na czerwonym świetle i dopiero wtedy wystawiany jest mandat. System taki jest dużo bardziej przyjazny dla kierowców niż tradycyjny fotoradar - jak komuś noga zaciąży na pedale gazu to nie dostaje od razu mandatu, tylko ostrzeżenie w postaci czerwonego światła i dopiero gdy je zignoruje jest karany. Jest to również rozwiązanie skuteczniejsze - powoduje redukcję prędkości w miejscach najbardziej niebezpiecznych, czyli na skrzyżowaniach i przejściach dla pieszych. Światła spowalniające funkcjonują we Wrocławiu przy skrzyżowaniu Ślężnej i Weigla, nie jest więc to żadna nowość w naszym mieście.
Proponowane lokalizacje:
1. Krakowska – przejście dla pieszych   (nr syg. 231)
2. Bardzka – przejście dla pieszych ( nr syg. 243)
3.Popowicka – przejście dla pieszych ( nr syg. 282)
4.Legnicka 100  ( nr syg. 222)
5.Klecińska – ogródki działkowe ( nr syg. 200)
6.Pilczycka – Popowicza  ( nr syg. 101)
7.Armii Krajowej – Orzechowa ( nr syg. 163)
8.Grabiszyńska – Bzowa ( nr syg.219)
9.Grabiszyńska – Al. Pracy ( nr syg. 162)
10. Powstańców Śląskich – Sztabowa
11. Kamienna przy Uniwersytecie Ekonomicznym
12. Armii Krajowej – Spiska
13. Armii Krajowej – Krynicka
14. Armii Krajowej – Nyska
15. Pilczycka –  Modra
16. Powstańców Śląskich – Orla";roads;650000;Karłowice-Różanka, Kleczków,Leśnica, Maślice, Pracze Odrzańskie;2070
26;Remont autobusu zabytkowego Fredruś;"Uzasadnienie
Autobus kabriolet Jelcz MEX - Fredruś jest wpisany do rejestru zabytków województwa dolnośląskiego. Został on przekazany miastu w roku 1974 podczas Dni Wrocławia. Od tego czasu stał się symbolem miasta wożącym turystów i mieszkańców.
Nazwa ""Fredruś"" została mu nadana na cześć Aleksandra Fredry. Jednak autobus od 2009 roku jest unieruchomiony i długotrwały postój na odkrytym powietrzu bardzo nadszarpnęła jego stan techniczny i teraz aby go przywrócić do ruchu konieczne są duże nakłady finansowe. Ponieważ konieczna jest kompletna odbudowa nadwozia, regeneracja detali i układu jezdnego pojazdu włącznie z silnikiem.
Celem projektu jest umożliwienie mieszkańcom, turystom i gościom zwiedzanie naszego miasta w ciekawy sposób i należy nadmienić, że ten autobus uświetniał wszystkie parady i święta Wrocławia. Wyremontujmy Fredrusia i przywróćmy go mieszkańcom.";other;430000;Grabiszyn-Grabiszynek, Krzyki-Partynice, Oporów, Klecina;1924
378;Budowa wrocławskiej wypożyczalni rowerów integracyjnych typu handbike wraz z odpowiednim zapleczem socjalno-sanitarnym;"Uzasadnienie
Projekt przeznaczony jest zarówno dla osób niepełnosprawnych jak i pełnosprawnych mieszkańców Wrocławia jak również gości czy turystów.
Rowery typu handbike pozwalają na swobodne i niezależne przemieszczanie się po mieście mimo ewentualnych ograniczeń fizycznych. Dzięki wypożyczalni osoby niepełnosprawne będą mogły pełniej korzystać z walorów życia miejskiego, nie zważając na przeszkody komunikacyjne. Stworzenie takiego miejsca pozwoli na integrację osób pełnosprawnych i niepełnosprawnych.
Projekt składa się z dwóch elementów: pierwszy to wiata rowerowa wraz z mieszczącymi się w niej rowerami typu handbike; drugi element to budynek socjalno-sanitarny w zabudowie kontenerowej (parterowej) o powierzchni ok. 50mkw. Budynek o charakterze zabudowy biurowej lub ekspozycyjnej z możliwością użytkowania przez cały rok, w którym osoby odbywające przejażdżki rowerowe będą mogły odpocząć, podzielić się wrażeniami, skorzystać z sanitariatu przystosowanego do potrzeb osób niepełnosprawnych, zjeść posiłek, naprawić czy wyregulować rower. Budynek będzie w pełni dostosowany architektonicznie do potrzeb osób niepełnosprawnych.
Budynek spełniający rolę między innymi: świetlicy, klubu czy po prostu miejsca  spotkań wyposażony będzie we wspomniany moduł wc, umywalkę kuchenną wraz zabudową, urządzenia typu czajnik, toster, opiekacz, kuchenka mikrofalowa, stoły, krzesła, szafki, narzędzia rowerowe, podnośnik, system grzewczo-chłodzący.
Posiadamy kilkuletnie doświadczenie w prowadzeniu i rozwijaniu Wypożyczalni Rowerów Integracyjnych www.roweryintegracyjne.pl.
Organizacją i koordynacją działań podjętych w wyniku realizacji projektu zajmować się będą pracownicy i wolontariusze fundacji DOBRY CEL, która od początku swojego istnienia wspiera osoby wykluczone społecznie.";walking/cycling infrastructure;550000;Pawłowice, Psie Pole-Zawidawie,Nadodrze, Ołbin, Stare Miasto, Plac Grunwaldzki, Przedmieście Świdnickie;1912
520;Bulwar Fizyków - etap 1: soczewki akustyczne, doświadczenie z falami dźwiękowymi w formie ogólnodostępnej instalacji;"Uzasadnienie
Poprzez nasze działania chcemy promować fizykę - dziedzinę nauk ścisłych o wielkim znaczeniu dla nauki, techniki i przemysłu.  Chcemy pokazać, że fizyka, pomimo że nie łatwa - jest też ciekawa, zabawna i intrygująca.
Naszym celem jest stworzenie pierwszego we Wrocławiu, otwartego i ogólnodostępnego parku doświadczeń fizycznych na terenie Bulwaru Józefa Zwierzyckiego (bezpośrednie okolice pl. Maxa Borna, siedziby m.in. Wydziału Fizyki i Astronomii Uniwersytetu Wrocławskiego).
Celem szczegółowym tego projektu (etap 1) jest instalacja pojedynczego doświadczenia - tzw. soczewek akustycznych. Soczewki skupiają fale dźwiękowe oraz umożliwiają ich transmisję. Pozwala to na zabawę w przekazywanie dźwięków na odległość. Zakładamy stworzenie lub zamówienie profesjonalnego projektu architektonicznego dla soczewek i ich umiejscowienia. Docelowo, pomimo zagospodarowania, chcemy zachować charakter miejsca i ""wkomponować"" doświadczenia w przestrzeń bulwaru.
Doświadczenie to (i inne w przyszłości) powinno posiadać porządną tablicę (np. metalową) z informacjami, wzorami i tłem teoretycznym (fizycznym) zagadnienia. Te mogą przygotować np. naukowcy z przylegającego do bulwaru Wydziału Fizyki i Astronomii Uniwersytetu Wrocławskiego. Sugerujemy utrzymanie nazwy ""Bulwar fizyków"" dla całego projektu i umieszczenie takiej informacji na ww tablicy.
Przykład takiej instalacji znajduje się m.in. w Genewie:
http://institutions.ville-geneve.ch/fileadmin/user_upload/mhn/documents/Musee_histoire_des_sciences/parc_paraboles.pdf
W okolicy Wrocławia najbliżej można ją znaleźć np. w parku doświadczeń w Oleśnicy.";greenery/recreation;250000;Huby, Gaj, Tarnogaj;1825
300;Wyciszenie nawierzchni na ul. Złotnickiej;"Uzasadnienie
Projekt dotyczy ulicy Złotnickiej na odcinku od ul. Kosmonautów do ul. Wielkopolskiej. W ramach projektu zostanie wymieniona nawierzchnia drogi z brukowanej na asfaltową.
Beneficjenci:
- okoliczni mieszkańcy, którym hałas generowany przez przejeżdżające samochody i autobusy znacząco uprzykrza życie.
- kierowcy oraz rowerzyści dojeżdżający tą ulicą do/z ulicy Kosmonautów (są to mieszkańcy całych Złotnik oraz inni kierowcy omijający zakorkowaną ulicę Kosmonautów), dla których nierówność ułożenia kostki jest niewygodna.
- przyszli mieszkańcy bloków budowanych aktualnie w pobliżu ulicy Złotnickiej.";roads;1000000;Pilczyce-Kozanów-Popowice Płn., Gądów-Popowice Płd., Szczepin;1717
61;Uporządkowanie ruchu pojazdów na Ulicy Robotniczej w kierunku Placu Orląt Lwowskich;"Uzasadnienie
Cel:
Celem projektu jest uporządkowanie ruchu pojazdów na ul. Robotniczej na odcinku (i w kierunku) od Centrozłomu do skrzyżowania z pl. Orląt Lwowskich.
Opis:
Wyznaczenie znakami poziomymi pasów ruchu na ul. Robotniczej od Centrozłomu do pl. Orląt Lwowskich, dwóch dla pojazdów prywatnych i jednego dedykowanego dla komunikacji miejskiej/taxi w kierunku placu oraz jednego ogólnego w przeciwnym kierunku gdyż tam nie ma korków.
Uzasadnienie:
Aktualnie w godzinach szczytu zarówno komunikacja miejska jak i pojazdy prywatne jadące ul. Strzegomską i Robotniczą na pl. Orląt Lwowskich stoją w korku od ul. Śrubowej do samego placu. Ul. Robotnicza jest bardzo szeroka a pojazdy ustawiają się w jednym rzędzie co wykorzystuje część kierowców niebezpiecznie wymijając cały korek i włączając się do ruchu ponownie przed samym placem co jedynie potęguje korek.
Korzyści:
Udrożnienie ruchu pojazdów komunikacji miejskiej/taxi. Płynny,  szybszy, bezpieczniejszy i bardziej ekologiczny ruch pojazdów w godzinach szczytu (15-18) na ul. Robotniczej w kierunku pl. Orląt Lwowskich dla pracowników licznych małych i dużych firm znajdujących się wzdłuż ul. Strzegomskiej i Robotniczej. Umożliwienie swobodnego włączenia się do ruchu na ul. Robotniczej i Strzegomskiej pojazdów wyjeżdżających z dróg dojazdowych w tym czasie, np. z ul. Góralskiej.";roads;200000;Muchobór Wielki, Żerniki, Jerzmanowo-Jarnołtów-Strachowice-Osiniec;1653
619;Niewykorzystany potencjał Parku Skowroniego - rewitalizacja;"Uzasadnienie
Park jest dobrze usytuowany i ma dobry dojazd komunikacją miejską. Odwiedza go wielu mieszkańców, ale jego potencjał nie jest w pełni wykorzystany. Niezbędna jest jego rewitalizacja:
1.	Rekonstrukcja i modernizacja terenów zielonych. Aranżacja terenu poprzez sadzenie krzewów, kwiatów w celu wypełnienia niezagospodarowanego terenu z pewnością przyciągnie Wrocławian, chcących oderwać się od miejskiego zgiełku.
2.	Utwardzenie nawierzchni. Nawierzchnia parku jest nieutwardzona, wiosną, jesienią i po każdym deszczu odwiedzanie parku wiąże się z przeprawą ""po kostki w błocie"". Utwardzenie nawierzchni szczególnie docenią osoby uprawiające sport oraz poruszające się na wózkach inwalidzkich.
3.	Dostawienie ławek.
4.	Nowe kosze na śmieci. Obecne kosze nie spełniają swojej funkcji (są zniszczone a ich pokrywy są często oddzielone od pojemników, śmieci wypadają na zewnątrz).
5.	Kosze na psie odchody. Park jest chętnie odwiedzany przez właścicieli z psami, które pozostawiają za sobą nieczystości. Nie każdy zdaje sobie sprawę z tego, że psie odchody mogą być siedliskiem tasiemczycy i glistnicy, a także wielu innych groźnych chorób.
6.	Założenie ogrodzenia wokół placu zabaw mającego na celu bezpieczeństwo najmłodszych oraz dostawienie ławek dla ich opiekunów.
BENEFICJENCI:
•	mieszkańcy całego Wrocławia,
•	rodziny z dziećmi, osoby starsze, osoby uprawiające sport na świeżym powietrzu, właściciele i ich psi pupile,
•	osoby odwiedzający ośrodek MOSIR,
•	działkowicze z kompleksu ogródków działkowych położonych wzdłuż ulicy Spiskiej,
•	pacjenci  i pracownicy pobliskiego Szpitala Wojskowego, Instytutu Immunologii i Terapii oraz Akademii Medycznej.";greenery/recreation;1000000;Nadodrze, Ołbin, Stare Miasto, Plac Grunwaldzki, Przedmieście Świdnickie,Ołtaszyn, Wojszyce, Jagodno;1644
728;Bajkowy Plac dla Dorosłych i Dzieci w Parku Skowronim;"Uzasadnienie
Wyobraźcie sobie zieleń, a pośrodku kolorowy plac, mieniąca się barwami mozaikowa posadzka, ciekawe niespotykane ławki, hamaki lub siatki na których można się położyć, kolorowe rzeźby, może gdzieś zaszumi woda? Wyobraźmy sobie, że nie powstanie nic co moglibyście znaleźć w jakimś katalogu. Niestandardowy plac zabaw dla dorosłych i dla dzieci. Inspirowane gorącą Hiszpanią, malarstwem i twórczością Gaudiego, Szapocznikow, Niki de Saint Phalle, Calderem czy Hasiorem wszyscy mogli by być inspiracją.
Mozaika w posadzce, ciekawe ławki, kolorowe rzeźby, współpraca grupy kilkunastu artystów, architektów, aby stworzyć miejsce wyjątkowe. Pełne urządzeń wprawianych w ruch przez wiatr.
Ok 200 m2 niezwykłej przestrzeni zaprojektowanej przez naszych Wrocławskich rzemieślników i artystów. Wrocław jako jedyny w Polsce posiada wydział Ceramiki i Szkła. Warto to wykorzystać i wyeksponować.
Warto stworzyć miejsce, które będzie nowymi miejscem na mapie atrakcji Wrocławia.";greenery/recreation;500000;Pawłowice, Psie Pole-Zawidawie;1619
524;Miejsca parkingowe (park & ride) przy pętli Pilczyce/Stadion Miejski;"Uzasadnienie
Utworzenie 80 miejsc parkingowych będzie wykorzystane przez osoby przyjeżdżające samochodem na imprezy masowe organizowane na stadionie Miejskim (300m). Ze względu na bliskość wjazdu autostradowego A8 do miasta oraz pętli Pilczyce (100m), parking jest w idealnym miejscu do wykorzystywania dla osób przyjeżdżające z poza Wrocławia, które pozostawią samochód na parkingu i przesiądą się na transport miejski (park&ride) (linie tramwajowe: 33, 3, 10, 20; linia autobus: 128). Realizacja projektu podniesie bezpieczeństwo mieszkańców i parkujących samochody w czasie  imprez na stadionie. Jednocześnie poprawi wizerunek miasta Wrocławia (zwłaszcza podczas imprez na stadionie). Zapobiegnie dewastacji terenów zielonych.
Obecnie podczas imprez na stadionie, ze względu na parkowanie samochodów częściowo na drodze, dochodzi do niebezpiecznych sytuacji i stłuczek. Kierowcy ze względu na brak miejsca, nie są wstanie wyminąć się, ani zawrócić. Często muszą wycofywać się z uliczki tyłem nawet do 200 m. Dochodzi do dewastacji terenów zielonych ze względu na zatarasowaną drogę (przejazd przez trawniki i chodniki) lub parkowanie na trawnikach.";roads;750000;Przedmieście Oławskie, Księże, Brochów, Bieńkowice;1608
626;Stacje roweru miejskiego nextbike - Zakrzów - osiedle blokowe Wilanowska / Królewska;"Uzasadnienie
Wrocławski Rower Miejski okazał się wielkim sukcesem w obrębie centrum. Wciąż jednak obszary poza obwodnicą śródmiejską są z niego wykluczone. Tymczasem w Bydgoszczy czy Warszawie rower miejski funkcjonuje również w obszarach oddalonych od centrum.
Dlatego proponujemy utworzenie stacji WRM na Psim Polu na osiedlu blokowym przy ul. Wilanowskiej / Królewskiej. Na jego terenie mieszka ponad tysiąc potencjalnych użytkowników roweru miejskiego. Proponujemy trzy możliwe lokalizacje z których ostateczna lokalizacja zostanie ustalona w konsultacjach z mieszkańcami. Oszacowanie na poziomie 150 tysięcy zostało przyjęte na podstawie sugestii osób administrujących WBO.";walking/cycling infrastructure;250000;Przedmieście Oławskie, Księże, Brochów, Bieńkowice;1506
543;Toaleta publiczna w Parku Wschodnim;"Uzasadnienie
Park Wschodni – to duży kompleks parkowy położony przy ul. Krakowskiej bardzo licznie odwiedzany przez Wrocławian. To doskonałe miejsce rekreacji i wypoczynku, w którym można spędzić wolny czas całymi rodzinami. Poszczególne jego części posiadają różne klimaty i mają różnorodny charakter, od uporządkowanego, z wyraźnie zaznaczonymi ścieżkami i ławeczkami, ścieżką biegową, placem zabaw dla dzieci – aż do części “dzikiej”, w której spacerowicz może poczuć namiastkę lasu.  Brak toalet i spore oddalenie od miejsc użyteczności publicznej w dużym stopniu ogranicza korzystanie z terenu parku.
Ustawienie automatycznych toalet przystosowanych dla osób niepełnosprawnych, wyposażonych w przewijaki dla niemowląt, umożliwiających całosezonowe korzystanie,  przyczyni się do poprawy warunków korzystania z terenu parku oraz wpłynie na podniesienie standardu tego obszaru Wrocławia.";greenery/recreation;250000;Pawłowice, Psie Pole-Zawidawie;1441
500;Kameralna scena na trawie w sercu Wyspy Słodowej;"Uzasadnienie
Wyspa Słodowa jest jedną z najpopularniejszych przestrzeni publicznych w naszym mieście, pomimo pewnych braków funkcjonalnych w jej infrastrukturze. W letnie miesiące wrocławianie oraz turyści tłumnie ją odwiedzają, zarówno w dzień jak i w nocy.
Wyspa posiada już swój unikatowy charakter, który wszyscy doceniamy. Uważamy jednak, że brakuje na niej zdefiniowanego miejsca na małe kameralne i spontaniczne wydarzenia. Miejsca, w którym siedząc na trawie w ciepły letni dzień w cieniu drzew będzie można posłuchać mini koncertu gitarowego, poćwiczyć jogę lub capoeire oraz przyglądać się występowi małej grupy tanecznej. Miejsca, gdzie np. wrocławscy aktorzy będą mogli publicznie poczytać fragmenty książek lub gdzie będzie można latem/wiosną zorganizować warsztaty dla dzieci bez konieczności myślenia o zmiennych warunkach pogodowych. Wyobrażamy sobie tą scenę/ pawilon, jako: otwartą na otocznie, zadaszoną, niezobowiązującą formalnie przestrzeń, która zachęca do twórczych działań, na której wrocławianie mogliby spożytkować swoją kreatywność i energię. Dodatkową funkcją byłaby możliwość schronienia się pod nią podczas przelotnych deszczów.
Nowa kameralna scena z zadaszeniem byłaby świetnym uzupełnieniem istniejącej już dużej sceny na Wyspie. Posiadałaby swojego operatora oraz podłączenie do prądu. Na wzór już istniejącej infrastruktury oraz kontenerów „Parki ESK”, mogłaby służyć wrocławianom podczas weekendów i innych większych imprez okolicznościowych. Zarządzaniem wydarzeniami na niej mógłby zająć się WCRS lub późniejszy operator kamienicy Wyspa Słodowa 7.
Mając na uwadze szczególny charakter wyspy, scena zaprojektowana i zlokalizowana byłaby tak, aby  nawet w najmniejszym stopniu nie ingerować w jej: krajobraz (nie zasłaniać widoków), strukturę urbanistyczną oraz otaczającą ją zieleń (wpisywać się w przestrzeń pomiędzy istniejącymi drzewami). Chcemy stworzyć nowe demokratyczne miejsce, które będą mogli wykorzystywać ludzie w różnych przedziałach wiekowych, a także ludzie niepełnosprawni, w którym będzie można usiąść pod zadaszeniem bez konieczności kupowania czegokolwiek. Chcemy stworzyć kameralne, ciekawe architektonicznie miejsce wzbogacające i dopełniające - także funkcjonalnie Wyspę, ale takie które jej w żaden sposób nie zdominuje.
Wymiary sceny/pawilonu to w przybliżeniu 18 na 7 metrów, wysokość do około 3,5 metra.";greenery/recreation;400000;Pilczyce-Kozanów-Popowice Płn., Gądów-Popowice Płd., Szczepin;1161
98;Nowa Gwiaździsta;"Uzasadnienie
Ulica Gwiaździsta jest zaniedbana, chodniki są zniszczone i zastawione samochodami, jezdnia za szeroka i zniszczona. Celem projektu jest remont chodników i budowa nowych tam, gdzie ich brak, zaaranżowanie nowych trawników z niską roślinnością i miejsc parkingowych (parkowanie skośne) oraz zwężenie jezdni do szerokości 2x3 m.W ten sposób powstanie ulica bezpieczna dla wszystkich użytkowników, przyjazna i wygodna.";roads;90000;Gajowice, Powstańców Śląskich, Borek,Leśnica, Maślice, Pracze Odrzańskie;1025
73;Poprawa nawierzchni ulicy Bogedaina;"Uzasadnienie
Poprawa nawierzchni w/w ulicy - wraz z bliźniaczym projektem poprawy nawierzchni ulicy Międzyleskiej - przyczyniłaby się do powstania atrakcyjnego, alternatywnego połączenia Brochowa i Bieńkowic z centrum miasta. Pozwoliłoby ono odciążyć przede wszystkim skrzyżowanie Opolskiej z Karwińską, ale także - coraz bardziej ruchliwe - Gazowej z Tarnogajską. Korzyści z tego remontu odnieśliby także mieszkańcy nowo powstałych bloków wzdłuż ulicy Klimasa oraz przedsiębiorcy działający w tamtym rejonie, którzy zyskaliby odpowiednio dodatkowy, dobrej jakości dojazd do osiedla oraz lepszy dojazd dla swoich klientów.
Reasumując, beneficjentami powyższej propozycji staliby się mieszkańcy osiedli Brochów, Bieńkowice, Tarnogaj, a także - dzięki mniejszym korkom na Opolskiej do skrzyżowania z Karwińską w godzinach popołudniowego szczytu komunikacyjnego - Księża.";roads;750000;Gajowice, Powstańców Śląskich, Borek,Nadodrze, Ołbin, Stare Miasto, Plac Grunwaldzki, Przedmieście Świdnickie;983
559;Błotniste pobocza ulic;"Uzasadnienie
Fatalny wygląd nieutwardzonych poboczy ulic,które przybierają formę dołów wypełnionych błotem lub głębokich kałuż szczególnie obserwuję w okolicy miejsca pracy na Karłowicach. Podaję 2 adresy - Boja-Żeleńskiego między skrzyżowaniem z Orkana i Berenta, ul.Bezpieczna przy skrzyżowaniu z Obornicką jak sądzę te zaniedbane pasy poboczy ulic mają zarządce  (ZDiUM?) i utwardzenie ich asfaltem lub kostką brukową zmieniłoby okropny wygląd. Myślę ,że podobnych miejsc można wskazać więcej.";roads;200000;Grabiszyn-Grabiszynek, Krzyki-Partynice, Oporów, Klecina,Nadodrze, Ołbin, Stare Miasto, Plac Grunwaldzki, Przedmieście Świdnickie;889
283;Ławeczki na przystankach;"Uzasadnienie
Na przystankach gdzie codziennie jest największy ruch jest za mało miejsc siedzących";;100000;Przedmieście Oławskie, Księże, Brochów, Bieńkowice;831
230;Remont ulicy Kamiennej - odcinek Tomaszowska - Borowska;"Uzasadnienie
Remont polega na wymianie stuletniej, krzywej, dziurawej kostki na asfalt. Aktualnie po ulicy Kamiennej jeździ się fatalnie, trzeba zwalniać do 10-20 km/h. Ulica nie nadaje się do normalnego korzystania.";roads;1000000;Kuźniki, Nowy Dwór, Muchobór Mały,Gajowice, Powstańców Śląskich, Borek;781
349;Stacje roweru miejskiego NEXTBIKE Port Lotniczy Wrocław, CH Factory;"Uzasadnienie
Montaż stacji, udogodnienia dla osób dojeżdżających do zakładów pracy na Strachowicach.";walking/cycling infrastructure;150000;Gajowice, Powstańców Śląskich, Borek;718
82;Podniesienie powierzchni peronów na rondzie Reagana;"Uzasadnienie
Ułatwi to wsiadanie i wysiadanie na tym kluczowym w skali miasta węźle przesiadkowym.";;1000000;Karłowice-Różanka, Kleczków,Nadodrze, Ołbin, Stare Miasto, Plac Grunwaldzki, Przedmieście Świdnickie;705
23;Tablice rozkładowe na przystankach linii 2, 6, 7 i 17 oraz przystankach Uniwersytecka, Wita Stwosza, Dubois;"Uzasadnienie
Projekt zakłada montaż 8 tablic DIP z rozkładem jazdy na przystankach Jastrzębia i Orla w obie strony ruchu oraz na przystankach Uniwersytecka, Wita Stwosza, Dubois
Przystanki te - zwłaszcza na Jastrzębiej - znajdują się w pobliżu dużych skupisk mieszkalnych, wobec czego w godzinach szczytu porannego często jest na nich tłoczno. Brak tablic rozkładowych powoduje jednak, że w przypadku dowolnego zdarzenia losowego osoby te pozbawione są informacji o tego typu zdarzeniu. Projekt ma na celu zapewnienie większego komfortu podróżnych, co ma istotne znaczenie ze względu na pobliskie ośrodki oświatowe (przedszkole, gimnazjum - przystanek Jastrzębia) czy rekreacyjne (Park Południowy, skwer przy ul. Orlej).";;600000;Pilczyce-Kozanów-Popowice Płn., Gądów-Popowice Płd., Szczepin;699
121;Ścianka bulderingowa.;"Uzasadnienie
Jako że w okolicach Kleczkowa, Osobowic, Poświętnego etc. przybywa coraz to nowych osiedli (np. Promenady) i kamienic oraz zwiększa sie codzienny przepływ ludzi z okolicznych terenów , uważam że przydałaby się w tych okolicach (północny Wrocław) jakaś alternatywa dla joggingu i siłowni,- czyli praktycznie  jedynych dostępnych form aktywności w tej części Wrocławia. Na jogging czy siłownie, jako sporty wymagające i trudne, nie każdy może sobie pozwolić i nie każdy ma zapał do tego typu aktywności.
Jako alternatywę stawiam sporty pływackie, które są doskonałą formą relaksu i terapii dla osób od 2 do 99 lat. W przeciwieństwie do biegania czy siłowni, taka forma aktywności nie nadwyrężą stawów czy ścięgien- a jest to dość istotne dla osób mniej sprawnych fizycznie, zwłaszcza starszych 40+.
Dodatkowo , przez coraz większy przepływ ludzi , taki basen jest inicjatywą wręcz opłacalna ekonomicznie. Nie tylko nie obciążałby budżetu (po zbudowaniu) , ale wręcz byłby opłacalny.
Zapewne , przy odrobinie zaangażowania się odpowiednich ludzi, nie zabrakłoby też sponsorów na wsparcie tak ambitnego obiektu.
Oczywiście nie chodzi tutaj o drugi Aquapark; basen mógłby być dużo mniejszy i skromniejszy- wystarczyłyby dwie strefy do pływania (plus jakiś brodzik i jacuzzi dla dzieci i starszych).  Można by też zrezygnować z obiektów ""luksusowych"" typu zjeżdżalnie, sauny czy fontanny etc. I tak chętnych by nie zabrakło, za co ręczę jako mieszkaniec Kleczkowa.";sport;150000;Grabiszyn-Grabiszynek, Krzyki-Partynice, Oporów, Klecina;648
154;Szachy plenerowe z figurami dużego gabarytu w centrum miasta;"Uzasadnienie
Budowa dużych plenerowych szachów w jednej z 3 lokalizacji w centrum miasta. Projekt zgłoszony na formularzu papierowym, skan wniosku znajduje się w załączniku.";greenery/recreation;250000;Muchobór Wielki, Żerniki, Jerzmanowo-Jarnołtów-Strachowice-Osiniec;619
228;Remont ulicy Stawowej;"Uzasadnienie
Remont ulicy Stawowej na odcinku od Kościuszki do Piłsudskiego wraz z remontem skrzyżowania Stawowa-Piłsudskiego. Remont polega na wymianie stuletniej, krzywej, dziurawej kostki na asfalt.
Aktualnie po ulicy Stawowej jeździ się fatalnie, trzeba zwalniać do 10-20 km/h. Ulica nie nadaje się do normalnego korzystania.
Z remontu skorzystają wszyscy kierowcy którzy chcą przemieścić się z północy na południe miasta nie dotykając kostki.";roads;700000;Osobowice-Rędzin, Świniary, Lipa Piotrowska, Widawa, Polanowice-Poświętne-Ligota, Sołtysowice;531
714;Podwórze pomiędzy ulicami Prusa, Wyszyńskiego, Sępa Sarzyńskiego i Sienkiewicza;"Uzasadnienie
Wnętrze podwórzowe pomiędzy ulicami Prusa, Wyszyńskiego, Sępa Sarzyńskiego i Sienkiewicza jest totalnie zaniedbane, wręcz odrażające. Jest to duży obszat, którymógłby być sensownie zagospodarowany. Praktycznie niczego tam nie zrobiono od zakończenia II wojny.";redevelopment;750000;Nadodrze, Ołbin, Stare Miasto, Plac Grunwaldzki, Przedmieście Świdnickie;526
231;Remont ulicy Glinianej - odcinek Ślężna - Borowska;"Uzasadnienie
Remont polega na wymianie stuletniej, krzywej, dziurawej kostki na asfalt. Aktualnie po ulicy Glinianej jeździ się fatalnie, trzeba zwalniać do 10-20 km/h. Ulica nie nadaje się do normalnego korzystania.";roads;510000;Zacisze-Zalesie-Szczytniki, Biskupin-Sępolno-Dąbie-Bartoszowice, Kowale, Strachocin-Swojczyce-Wojnów;522
686;Podniesienie peronów na Rondzie Reagana (Plac Grunwaldzki);"Uzasadnienie
Rondo Reagana sprawdza się, w zasadzie bez zastrzeżeń, jako rozwiązanie upłynniające ruch kołowy w tym rejonie, jednak jako punkt przesiadkowy dla pasażerów masowej komunikacji miejskiej jest ewidentną porażką. Jezdnia, tory, chodniki - wszystko na jednym poziomie, jak przed stu laty. Przystanki tramwajowe/autobusowe przed i za Rondem (we wszystkich kierunkach, z wyjątkiem ul. Piastowskiej) mają perony, ułatwiające życie ludziom starszym, niepełnosprawnym, matkom z wózkami. Rondo Reagana jest niechlubnym wyjątkiem. Starsi ludzie zwykle wysiadają/wsiadają jeden przystanek przed lub za Rondem - łatwiej im przekuśtykać kilkaset metrów, niż na Rondzie pokonać prawie pół metrową wspinaczkę na pokład tramwaju/autobusu lub zejść z tej wysokości. Zdarzają się - i to jest najbardziej wstrząsające! - desperackie skoki inwalidów na wózkach – z wysokiego (zwykle) pokładu na chodnik Ronda. To wręcz grozi śmiercią tych nieszczęsnych ludzi. Wysiadanie z wózkiem i/lub dzieckiem – nie mniejszy problem. (Jeden z dramatyczniejszych przypadków opisałem w ubiegłorocznym wniosku.)
Ponawiam też równie palącą, przyległą sprawę: stworzenia naziemnego przejścia Rondo - przystanek jedynki (w kierunku Biskupina). Skomunikowanie tych dwóch punktów nie jest tak proste, jak utrzymują zainteresowani zachowaniem status quo. Przejście dla pieszych przez ul. Marii Skłodowskiej-Curie jest bardzo trudne (bardzo krótkie zielone światło), windy łączące poziom ulicy z podziemiem Ronda Reagana nierzadko są zepsute – w takich sytuacjach osoby niepełnosprawne, czy matki z wózkami, nie mają żadnych szans dotarcia do Ronda.
[...]";;1000000;Przedmieście Oławskie, Księże, Brochów, Bieńkowice,Ołtaszyn, Wojszyce, Jagodno;494
275;Frisbee Golf;"Uzasadnienie
Wyznaczenie 3 tras do Frisbee-Golf. Jedna trasa zostaje wyznaczona w jednym parku. Tak więc projekt obejmuje 3 parki: Grabiszyński, Południowy oraz Biskupiński. Każda trasa składa się z tzw. 10 dołków (Koszy ), do których zawodnik, uczestnik musi trafić dyskiem frisbee z wyznaczonej strefy rzutowej. W obu parkach, gdzie zostanie wyznaczona trasa składająca się ze stref rzutu i koszy, posiadać będzie również po 3 tablice informacyjne: krótka informacja o zasadach gry oraz sposobie prawidłowego użytkowania koszy.
Strefa wykonania rzutu  zostanie wykonana w prosty sposób: metalowy słup o wysokości max 1 metr z cyfra (np. strefa nr 1 to na słupku nr 1). Kosz -czyli tzw ""target"" miejsce, w które należy trafić dyskiem to konstrukcja metalowa slup 1,4 metra nad ziemia i 0,4 metra pod ziemia. Kosz posiada łańcuchy wiszące z górnej jego części.
Na górze kosza widnieć będzie numer poszczególnego kosza: od 1 do 10. Numer ten można wykona, jako pomalowaną cyfrę na metalowym okręgu, coś typu znak drogowy, ale oczywiście mniejszych rozmiarów.
Z tyłu takiego okręgu zostaje miejsce nie wykorzystane, dlatego by uniknąć dewastacji proponuję, aby tył wykorzystać jako niewielką przestrzeń reklamową, czy przedstawić zabytki Wrocławia.
Trasa więc będzie składać się z takich elementów jak: 3 tablice informacyjne o zasadach gry
10 słupków (1 metr), której wyznaczają miejsce rzucania, 10 koszy (1,4 metra nad ziemia, 0,4 metra pod ziemią) tam gdzie zawodnik powinien umieścić dysk. Frisbee Golf jest dyscypliną, która jeszcze nie zadomowiła się na stałe w naszym kraju, ale prężnie się rozwija. Zasady tej gry są bardzo proste. Zawodnik rzuca ze strefy do kosza. Wygrywa ten kto trafi ( dotrze ) do ostatniego kosza jak najmniejszą ilością rzutów.";greenery/recreation;85000;Gajowice, Powstańców Śląskich, Borek,Kuźniki, Nowy Dwór, Muchobór Mały;477
74;Poprawa nawierzchni ulicy Międzyleskiej;"Uzasadnienie
Poprawa nawierzchni w/w ulicy - wraz z bliźniaczym projektem poprawy nawierzchni ulicy Bogedaina - przyczyniłaby się do powstania atrakcyjnego, alternatywnego połączenia Brochowa i Bieńkowic z centrum miasta. Pozwoliłoby ono odciążyć przede wszystkim skrzyżowanie Opolskiej z Karwińską, ale także - coraz bardziej ruchliwe - Gazowej z Tarnogajską. Korzyści z tego remontu odnieśliby także mieszkańcy nowo powstałych bloków wzdłuż ulicy Klimasa oraz przedsiębiorcy działający w tamtym rejonie, którzy zyskaliby odpowiednio dodatkowy, dobrej jakości dojazd do osiedla oraz lepszy dojazd dla swoich klientów.
Reasumując, beneficjentami powyższej propozycji staliby się mieszkańcy osiedli Brochów, Bieńkowice, Tarnogaj, a także - dzięki mniejszym korkom na Opolskiej do skrzyżowania z Karwińską w godzinach popołudniowego szczytu komunikacyjnego - Księża.";roads;750000;Pawłowice, Psie Pole-Zawidawie;474
182;Zintegrowany system informacji pasażerskiej w obrębie pl. Grunwaldzkiego;"Uzasadnienie
Umieszczenie na Rondzie Reagana kilku dodatkowych wyświetlaczy, w tym wyświetlaczy interaktywnych, które pozwoliły zwiększyły ilość informacji, przede wszystkim miały by one informować co dzieje się na przystankach w okolicy ronda, np. jak wygląda sytuacja na przystanku tramwaju nr 1, na najbliższych przystankach autobusowych.
Wyświetlacze powinny znajdować się również w tunelu podziemnym, dwa duże wyświetlacze (ok. 10 linijek tekstu) na wejściach do tunelu, wyświetlały by one informację zbiorcza jak wygląda sytuacja na rondzie.
Jednocześnie na przystankach w okolicy Norwida, gdzie zatrzymują się autobusy dalekobieżne, powinny być wyświetlacze, na których można by wyświetlać komunikaty o ewentualnych utrudnieniach w kursowaniu (wysyłane np. z centrali nowego dworca autobusowego).";;200000;Pawłowice, Psie Pole-Zawidawie;474
339;Stacje roweru miejskiego NEXTBIKE na pętli autobusowej Nowy Dwór.;"Uzasadnienie
Budowa stacji rowerów na pętli autobusowej.W pobliżu pętli znajduje się węzeł autobusowo-kolejowy.";walking/cycling infrastructure;250000;;436
480;Zaułek na Stalowej. Chodniki i zieleń przy Stalowej (od Grabiszyńskiej do Mosięznej). Miejsca parkingowe. Renowacja Drogi.;"Uzasadnienie
Chodniki i sekwencje zieleni przy ul.Stalowej na odcinku od Grabiszyńskiej do Mosiężnej + Chodnik od Stalowej w głąb Mosiężnej około 30m.
Możliwa też rearanżacja parkingów. Wskazany również remont nawierzchni Stalowej na tym odcinku (ok. 70m).
Jak się tego nie zrobi to miasto będzie płacić lada moment za połamane nogi. Płyty chodnikowe są w stanie fatalnym aktualnie. W dawnej bibliotece jest ośrodek rehabilitacyjny dla dzieci - przed ta placówką dawne ""wyleniałe"" pasy zieleni. Proponuję przearanżowanie tych chodników oraz elementów zieleni. Jest tam kilka drzew, które można wpleść w obszary zieleni przy gruncie. Żadnych ławek. Wyłącznie ładnie zaaranżowana zieleń, chodniki, miejsca parkingowe,
trawniki, żywopłoty.";redevelopment;250000;Pilczyce-Kozanów-Popowice Płn., Gądów-Popowice Płd., Szczepin,Nadodrze, Ołbin, Stare Miasto, Plac Grunwaldzki, Przedmieście Świdnickie;332
398;Cywilizacja na Wojszycach - Światło dla wszystkich - Zamontowanie miejskich latarni na ulicy Smardzowskiej w Europejskiej Stolicy Kultury;"Uzasadnienie
W ramach projektu nr 490 WBO 2014 Miasto najprawdopodobniej źle oszacowało koszty projektu i mimo, że projekt został pozytywnie rozpatrzony i poddany pod głosowanie, to przed jego realizacją okazało się, że koszt projektu przekroczy zakładane 95 tyś. W rzeczywistości realizacja projektu kosztowała około 82 tyś., czyli o około 13 tyś. mniej. Oznacza to nic innego jak to, że budżet był wystarczający na 3 latarnie.
Już w lutym 2016 ZDiUM poinformował, że nie ma pieniędzy na montaż brakującej lampy. Niestety nikt nie poczuwa się do odpowiedzialności, mimo wysłania kilkudziesięciu pism przez mieszkańców osiedla.
Cały Wrocław głosuje na 3 latarnię na Smardzowskiej!! W załączniku odpowiedź WBO, lokalizacja naszej, brakującej trzeciej latarni.";walking/cycling infrastructure;40000;Zacisze-Zalesie-Szczytniki, Biskupin-Sępolno-Dąbie-Bartoszowice, Kowale, Strachocin-Swojczyce-Wojnów;281
94;Remont sieci trakcyjnej na zajezdni Dąbie;"Uzasadnienie
Sieć trakcyjna na zajezdni Dąbie grozi katastrofą budowlaną i z tego powodu została wyłączona z eksploatacji oraz wyłączono na niej zasilanie. W sytuacji gdy jest planowane aby na zajezdni Dąbie miała być prezentowana kolekcja zabytkowych tramwajów to jest konieczne przeprowadzenie takiego remontu. Obecnie mamy we Wrocławiu cenne eksponaty tramwajowe będącą własnością Klubu Sympatyków Transportu Miejskiego (KSTM) lub Urzędu Miasta i zajezdnia Dąbie byłaby świetnym miejscem do ich prezentacji. Wiele turystów i mieszkańców miasta pyta się o możliwość zwiedzenia tego typu pojazdów a póki co w odróżnieniu od Krakowa nie ma im gdzie pokazać naszych starych tramwajów .";other;500000;Gajowice, Powstańców Śląskich, Borek,Ołtaszyn, Wojszyce, Jagodno;278
336;Stacja Roweru Miejskiego NEXTBIKE Dworzec Świebodzki;"Uzasadnienie
W okolicach Dworca Świebodzkiego znajduje się kilka węzłów przesiadkowych. Przy dworcu do tej pory nie ma stacji roweru miejskiego.";walking/cycling infrastructure;100000;Przedmieście Oławskie, Księże, Brochów, Bieńkowice;245
108;Budowa sygnalizacji świetlnej na skrzyżowaniu przy Skwerze Pionierów Wrocławskich;"Uzasadnienie
Celem projektu jest budowa sygnalizacji świetlnej na skrzyżowaniu przy Skwerze Pionierów Wrocławskich (Wrocław/Ołbin), przy wlocie ulic Poniatowskiego i Oleśnickiej.
W powyższym miejscu kumuluje się - szczególnie w szczycie komunikacyjnym - ruch pieszych, tramwajów i samochodów. Niejednokrotnie dochodzi tam do zdarzeń drogowych i nierzadko poważnych wypadków. Zachodzi więc potrzeba budowy sygnalizacji, która miała by na celu poprawę bezpieczeństwa i płynności ruchu na tym skrzyżowaniu. Wiele razy o rozwiązanie problemu prosiła min rada osiedla Ołbin.
Niemal wszystkie skrzyżowania - także te o mniejszym ruchu i mniej ""wypadkowe"" w ciągu ulic Bema-Poniatowskiego-Jedności Narodowej w ostatnich latach zostały wyposażone w sygnalizację świetlną. Tym bardziej jest istotne i ważne, aby także i to miejsce - tak niebezpieczne - wreszcie doczekało się świateł.";roads;900000;Leśnica, Maślice, Pracze Odrzańskie;120
